297041549500485632,奥迪,A,brand/33.jpg
297041549504679936,阿斯顿·马丁,A,brand/35.jpg
297041549513068544,安凯客车,A,brand/221.jpg
297041549517262848,AC Schnitzer,A,brand/117.jpg
297041549525651456,阿尔法·罗密欧,A,brand/34.jpg
297041549534040064,ARCFOX,A,brand/272.jpg
297041549538234368,ALPINA,A,brand/276.jpg
297041549542428672,ABT,A,brand/134.jpg
297041549546622976,Agile Automotive,A,brand/292.jpg
297041549555011584,Apollo,A,brand/253.jpg
297041549563400192,Arash,A,brand/251.jpg
297041549567594496,Aria,A,brand/310.jpg
297041549571788800,ATS,A,brand/303.jpg
297041549580177408,艾康尼克,A,brand/273.jpg
297041549584371712,爱驰,A,brand/327.jpg
297041549588566016,奔驰,B,brand/36.jpg
297041549592760320,本田,B,brand/14.jpg
297041549596954624,宝马,B,brand/15.jpg
297041549605343232,别克,B,brand/38.jpg
297041549609537536,比亚迪,B,brand/75.jpg
297041549613731840,宝骏,B,brand/120.jpg
297041549617926144,标致,B,brand/13.jpg
297041549622120448,保时捷,B,brand/40.jpg
297041549630509056,北京,B,brand/27.jpg
297041549634703360,北汽幻速,B,brand/203.jpg
297041549638897664,奔腾,B,brand/95.jpg
297041549643091968,北汽制造,B,brand/154.jpg
297041549647286272,宝沃,B,brand/231.jpg
297041549655674880,宾利,B,brand/39.jpg
297041549659869184,北汽绅宝,B,brand/173.jpg
297041549664063488,北汽昌河,B,brand/79.jpg
297041549668257792,北汽新能源,B,brand/208.jpg
297041549672452096,巴博斯,B,brand/140.jpg
297041549676646400,北汽威旺,B,brand/143.jpg
297041549685035008,布加迪,B,brand/37.jpg
297041549689229312,比速汽车,B,brand/271.jpg
297041549693423616,北汽道达,B,brand/301.jpg
297041549697617920,拜腾,B,brand/302.jpg
297041549706006528,保斐利,B,brand/172.jpg
297041549710200832,宾尼法利纳,B,brand/257.jpg
297041549714395136,长安,C,brand/76.jpg
297041549718589440,长城,C,brand/77.jpg
297041549726978048,长安欧尚,C,brand/163.jpg
297041549731172352,成功汽车,C,brand/196.jpg
297041549735366656,长安轻型车,C,brand/294.jpg
297041549739560960,长安跨越,C,brand/299.jpg
297041549747949568,Caterham,C,brand/189.jpg
297041549752143872,Conquest,C,brand/171.jpg
297041549756338176,Corbellati,C,brand/321.jpg
297041549760532480,Cupra,C,brand/322.jpg
297041549764726784,昶洧,C,brand/293.jpg
297041549768921088,车和家,C,brand/266.jpg
297041549773115392,刺猬汽车,C,brand/328.jpg
297041549781504000,长江EV,C,brand/264.jpg
297041549785698304,大众,D,brand/1.jpg
297041549789892608,东风风行,D,brand/165.jpg
297041549794086912,DS,D,brand/169.PNG
297041549802475520,东风风光,D,brand/259.jpg
297041549806669824,东风,D,brand/32.jpg
297041549810864128,东风风神,D,brand/113.jpg
297041549815058432,东南,D,brand/81.jpg
297041549823447040,东风小康,D,brand/142.jpg
297041549827641344,道奇,D,brand/41.jpg
297041549831835648,东风风度,D,brand/187.jpg
297041549836029952,电咖,D,brand/280.jpg
297041549840224256,Dacia,D,brand/157.jpg
297041549844418560,Datsun,D,brand/217.jpg
297041549852807168,DMC,D,brand/198.jpg
297041549857001472,Donkervoort,D,brand/234.jpg
297041549861195776,大发,D,brand/92.jpg
297041549865390080,Elemental,E,brand/211.jpg
297041549869584384,丰田,F,brand/3.jpg
297041549873778688,福特,F,brand/8.jpg
297041549877972992,法拉利,F,brand/42.jpg
297041549886361600,福迪,F,brand/141.jpg
297041549890555904,菲亚特,F,brand/11.jpg
297041549894750208,福田,F,brand/96.jpg
297041549898944512,福汽启腾,F,brand/197.jpg
297041549907333120,福田乘用车,F,brand/282.jpg
297041549911527424,Faraday Future,F,brand/248.jpg
297041549915721728,Fisker,F,brand/132.jpg
297041549919916032,FM Auto,F,brand/177.jpg
297041549924110336,弗那萨利,F,brand/176.jpg
297041549928304640,广汽传祺,G,brand/82.jpg
297041549932498944,观致,G,brand/152.jpg
297041549945081856,广汽吉奥,G,brand/108.jpg
297041549949276160,GMC,G,brand/112.jpg
297041549953470464,国金汽车,G,brand/304.jpg
297041549957664768,广汽新能源,G,brand/313.jpg
297041549966053376,GAZ,G,brand/190.jpg
297041549970247680,GLM,G,brand/277.jpg
297041549974441984,GTA,G,brand/230.jpg
297041549978636288,Gumpert,G,brand/115.jpg
297041549982830592,谷歌,G,brand/207.jpg
297041549987024896,光冈,G,brand/116.jpg
297041549995413504,广汽集团,G,brand/329.jpg
297041549999607808,哈弗,H,brand/181.jpg
297041550003802112,红旗,H,brand/91.jpg
297041550007996416,海马,H,brand/86.jpg
297041550016385024,黄海,H,brand/97.jpg
297041550020579328,华泰,H,brand/87.jpg
297041550024773632,恒天,H,brand/164.jpg
297041550033162240,华泰新能源,H,brand/260.jpg
297041550037356544,哈飞,H,brand/24.jpg
297041550041550848,华凯,H,brand/245.jpg
297041550045745152,华颂,H,brand/220.jpg
297041550049939456,海格,H,brand/150.jpg
297041550054133760,汉腾汽车,H,brand/267.jpg
297041550062522368,华骐,H,brand/184.jpg
297041550066716672,Hennessey,H,brand/170.jpg
297041550070910976,悍马,H,brand/43.jpg
297041550079299584,合众,H,brand/309.jpg
297041550087688192,华利,H,brand/237.jpg
297041550091882496,华普,H,brand/85.jpg
297041550096076800,霍顿,H,brand/240.jpg
297041550100271104,Icona,I,brand/188.jpg
297041550108659712,Inferno,I,brand/274.jpg
297041550117048320,Italdesign,I,brand/288.jpg
297041550121242624,吉利汽车,J,brand/25.jpg
297041550125436928,Jeep,J,brand/46.jpg
297041550129631232,捷豹,J,brand/44.jpg
297041550133825536,江淮,J,brand/84.jpg
297041550142214144,金杯,J,brand/83.jpg
297041550146408448,江铃,J,brand/119.jpg
297041550150602752,金龙,J,brand/145.jpg
297041550158991360,九龙,J,brand/151.jpg
297041550163185664,江铃集团新能源,J,brand/270.jpg
297041550171574272,江铃集团轻汽,J,brand/210.jpg
297041550175768576,金旅,J,brand/175.jpg
297041550184157184,君马汽车,J,brand/297.jpg
297041550192545792,捷途,J,brand/319.jpg
297041550196740096,Jannarelly,J,brand/315.jpg
297041550205128704,佳跃,J,brand/209.jpg
297041550209323008,奇点汽车,J,brand/281.jpg
297041550217711616,凯迪拉克,K,brand/47.jpg
297041550221905920,KTM,K,brand/109.jpg
297041550230294528,克莱斯勒,K,brand/9.jpg
297041550234488832,卡威,K,brand/199.jpg
297041550242877440,开瑞,K,brand/101.jpg
297041550251266048,凯翼,K,brand/214.jpg
297041550255460352,康迪全球鹰,K,brand/219.jpg
297041550263848960,科尼赛克,K,brand/100.jpg
297041550272237568,卡尔森,K,brand/156.jpg
297041550280626176,开利,K,brand/191.jpg
297041550289014784,凯佰赫,K,brand/139.jpg
297041550293209088,雷克萨斯,L,brand/52.jpg
297041550301597696,路虎,L,brand/49.jpg
297041550309986304,林肯,L,brand/51.jpg
297041550314180608,铃木,L,brand/53.jpg
297041550318374912,劳斯莱斯,L,brand/54.jpg
297041550326763520,雷诺,L,brand/10.jpg
297041550330957824,兰博基尼,L,brand/48.jpg
297041550339346432,猎豹汽车,L,brand/78.jpg
297041550343540736,领克,L,brand/279.jpg
297041550347735040,陆风,L,brand/88.jpg
297041550351929344,LOCAL MOTORS,L,brand/241.jpg
297041550360317952,力帆汽车,L,brand/80.jpg
297041550364512256,莲花汽车,L,brand/89.jpg
297041550368706560,雷丁,L,brand/215.jpg
297041550372900864,理念,L,brand/124.jpg
297041550377095168,路特斯,L,brand/50.jpg
297041550381289472,Lorinser,L,brand/118.jpg
297041550389678080,陆地方舟,L,brand/204.jpg
297041550393872384,LeSEE,L,brand/265.jpg
297041550398066688,LEVC,L,brand/320.jpg
297041550402260992,Lucid,L,brand/285.jpg
297041550406455296,拉达,L,brand/244.jpg
297041550410649600,拉共达,L,brand/323.jpg
297041550419038208,蓝旗亚,L,brand/121.jpg
297041550423232512,朗世,L,brand/183.jpg
297041550427426816,雷诺三星,L,brand/261.jpg
297041550435815424,零跑汽车,L,brand/318.jpg
297041550440009728,领志,L,brand/225.jpg
297041550444204032,绿驰,L,brand/316.jpg
297041550448398336,马自达,M,brand/58.jpg
297041550452592640,名爵,M,brand/20.jpg
297041550460981248,玛莎拉蒂,M,brand/57.jpg
297041550465175552,迈凯伦,M,brand/129.jpg
297041550469369856,MINI,M,brand/56.jpg
297041550473564160,摩根,M,brand/168.jpg
297041550477758464,迈巴赫,M,brand/55.jpg
297041550481952768,MAGNA,M,brand/229.jpg
297041550490341376,Mahindra,M,brand/250.jpg
297041550494535680,Mazzanti,M,brand/268.jpg
297041550498729984,纳智捷,N,brand/130.jpg
297041550502924288,南京金龙,N,brand/213.jpg
297041550511312896,nanoFLOWCELL,N,brand/228.jpg
297041550515507200,NEVS,N,brand/295.jpg
297041550523895808,Noble,N,brand/136.jpg
297041550528090112,讴歌,O,brand/60.jpg
297041550532284416,欧朗,O,brand/146.jpg
297041550536478720,欧宝,O,brand/59.jpg
297041550540673024,欧拉,O,brand/331.jpg
297041550549061632,欧联,O,brand/242.jpg
297041550553255936,欧尚汽车,O,brand/332.jpg
297041550557450240,帕加尼,P,brand/61.jpg
297041550561644544,Polestar,P,brand/308.jpg
297041550570033152,佩奇奥,P,brand/186.jpg
297041550574227456,起亚,Q,brand/62.jpg
297041550578421760,奇瑞,Q,brand/26.jpg
297041550582616064,启辰,Q,brand/122.jpg
297041550586810368,祺智,Q,brand/289.jpg
297041550591004672,庆铃汽车,Q,brand/312.jpg
297041550599393280,前途,Q,brand/235.jpg
297041550603587584,乔治·巴顿,Q,brand/222.jpg
297041550607781888,日产,R,brand/63.jpg
297041550616170496,荣威,R,brand/19.jpg
297041550624559104,如虎,R,brand/174.jpg
297041550628753408,瑞驰新能源,R,brand/296.jpg
297041550632947712,Radical,R,brand/254.jpg
297041550641336320,RENOVO,R,brand/227.jpg
297041550645530624,Rezvani,R,brand/239.jpg
297041550649724928,Rimac,R,brand/252.jpg
297041550653919232,Rinspeed,R,brand/193.jpg
297041550658113536,瑞麒,R,brand/103.jpg
297041550662307840,斯柯达,S,brand/67.jpg
297041550670696448,三菱,S,brand/68.jpg
297041550674890752,斯巴鲁,S,brand/65.jpg
297041550683279360,上汽大通,S,brand/155.jpg
297041550691667968,双龙,S,brand/69.jpg
297041550695862272,赛麟,S,brand/205.jpg
297041550700056576,smart,S,brand/45.jpg
297041550708445184,思铭,S,brand/162.jpg
297041550712639488,SWM斯威汽车,S,brand/269.jpg
297041550721028096,Scion,S,brand/137.jpg
297041550725222400,SF MOTORS,S,brand/325.jpg
297041550729416704,SIN CARS,S,brand/258.jpg
297041550733611008,SOL,S,brand/330.jpg
297041550737805312,SPIRRA,S,brand/127.jpg
297041550741999616,SSC,S,brand/138.jpg
297041550750388224,萨博,S,brand/64.jpg
297041550754582528,上海,S,brand/178.jpg
297041550758776832,世爵,S,brand/66.jpg
297041550767165440,首望,S,brand/147.jpg
297041550771359744,双环,S,brand/90.jpg
297041550775554048,斯太尔,S,brand/226.jpg
297041550783942656,特斯拉,T,brand/133.jpg
297041550788136960,泰卡特,T,brand/202.jpg
297041550792331264,腾势,T,brand/161.jpg
297041550800719872,TOROIDION,T,brand/236.jpg
297041550804914176,Tramontana,T,brand/125.jpg
297041550809108480,TVR,T,brand/135.jpg
297041550813302784,塔塔,T,brand/200.GIF
297041550817497088,泰克鲁斯·腾风,T,brand/255.jpg
297041550821691392,Vanda Electric,V,brand/287.jpg
297041550830080000,VLF Automotive,V,brand/249.jpg
297041550834274304,沃尔沃,W,brand/70.GIF
297041550838468608,WEY,W,brand/283.jpg
297041550842662912,五菱汽车,W,brand/114.jpg
297041550846857216,蔚来,W,brand/284.jpg
297041550855245824,五十铃,W,brand/167.jpg
297041550863634432,威马汽车,W,brand/291.jpg
297041550872023040,潍柴英致,W,brand/192.jpg
297041550876217344,W Motors,W,brand/233.jpg
297041550880411648,威麟,W,brand/102.jpg
297041550888800256,威兹曼,W,brand/99.jpg
297041550897188864,沃克斯豪尔,W,brand/159.jpg
297041550901383168,现代,X,brand/12.jpg
297041550909771776,雪佛兰,X,brand/71.jpg
297041550913966080,雪铁龙,X,brand/72.jpg
297041550918160384,新凯,X,brand/185.jpg
297041550926548992,鑫源,X,brand/306.jpg
297041550930743296,新特汽车,X,brand/324.jpg
297041550939131904,小鹏汽车,X,brand/275.jpg
297041550943326208,西雅特,X,brand/98.jpg
297041550947520512,英菲尼迪,Y,brand/73.jpg
297041550955909120,一汽,Y,brand/110.jpg
297041550964297728,野马汽车,Y,brand/111.jpg
297041550968492032,依维柯,Y,brand/144.jpg
297041550976880640,驭胜,Y,brand/263.jpg
297041550981074944,云度,Y,brand/286.jpg
297041550989463552,御捷,Y,brand/232.jpg
297041550993657856,裕路,Y,brand/307.jpg
297041551002046464,永源,Y,brand/93.jpg
297041551006240768,云雀汽车,Y,brand/317.jpg
297041551010435072,YAMAHA,Y,brand/247.jpg
297041551018823680,游侠,Y,brand/243.jpg
297041551023017984,众泰,Z,brand/94.jpg
297041551027212288,中华,Z,brand/22.jpg
297041551035600896,中兴,Z,brand/74.jpg
297041551039795200,知豆,Z,brand/206.jpg
297041551048183808,之诺,Z,brand/182.jpg
297041551056572416,Zenvo,Z,brand/153.jpg
297041551060766720,正道汽车,Z,brand/290.jpg
